{"mapPath":"Map/Forest","monsters":[{"code":1,"x":-1.4405206441879273,"y":-2.403139591217041},{"code":1,"x":-0.8085501194000244,"y":-2.4070000648498537},{"code":1,"x":0.6226763129234314,"y":-2.4070000648498537}]}