{"mapPath":"Map/Forest","monsters":[{"code":4,"x":21.095565795898439,"y":-2.4070000648498537}]}